Nume1, Prenume1, Prenume2, mail@gmail.com, user1, parola1
n2, p2, , user2@mail.ro, user2, parola2
Popescu, Ion, Mihai, ion.mihai@popescu.com, ion, ion
Constantin, Radu, , cradu@uvt.ro, cradu, parola
Dan, Tudor, Cosmin, dtc@uvt.ro, dtc, dtc
n, p, p2, mail@nume.net, guest, guest